{"0":{"ros_timestamp":"1681734465.158955208","wall_type":"floor","a":-0.05832,"b":-0.030862,"c":0.997821,"d":1.059393,"shortest_distance":1.228016,"num_points":649,"plane_center_x":2.076955,"plane_center_y":-1.521452,"plane_center_z":-0.919516,"color_id":3}}