{"0":{"ros_timestamp":"1681734480.671224359","wall_type":"floor","a":-0.074449,"b":-0.043221,"c":0.996288,"d":1.023468,"shortest_distance":1.216069,"num_points":8792,"plane_center_x":1.682323,"plane_center_y":-2.279768,"plane_center_z":-0.987454,"color_id":3},"1":{"ros_timestamp":"1681734480.671224359","wall_type":"front","a":0.889049,"b":0.446721,"c":0.100159,"d":-1.509908,"shortest_distance":1.090187,"num_points":1768,"plane_center_x":2.312769,"plane_center_y":-1.647099,"plane_center_z":-0.197277,"color_id":0},"2":{"ros_timestamp":"1681734480.671224359","wall_type":"back","a":0.864782,"b":0.499396,"c":0.052488,"d":1.030662,"shortest_distance":1.442383,"num_points":1772,"plane_center_x":1.096854,"plane_center_y":-2.744373,"plane_center_z":-0.436008,"color_id":2}}