{"0":{"ros_timestamp":"1681734482.819316455","wall_type":"floor","a":-0.067087,"b":-0.040527,"c":0.996924,"d":1.019216,"shortest_distance":1.163341,"num_points":9706,"plane_center_x":1.650744,"plane_center_y":-2.302048,"plane_center_z":-0.993283,"color_id":3},"1":{"ros_timestamp":"1681734482.819316455","wall_type":"front","a":0.889049,"b":0.446721,"c":0.100159,"d":-1.509908,"shortest_distance":1.108932,"num_points":1768,"plane_center_x":2.312769,"plane_center_y":-1.647099,"plane_center_z":-0.197277,"color_id":0},"2":{"ros_timestamp":"1681734482.819316455","wall_type":"back","a":0.864782,"b":0.499396,"c":0.052488,"d":1.030662,"shortest_distance":1.418858,"num_points":1772,"plane_center_x":1.096854,"plane_center_y":-2.744373,"plane_center_z":-0.436008,"color_id":2}}