{"0":{"ros_timestamp":"1681734487.140975278","wall_type":"floor","a":-0.054191,"b":-0.030397,"c":0.998068,"d":1.003695,"shortest_distance":1.282093,"num_points":11022,"plane_center_x":1.681002,"plane_center_y":-2.364327,"plane_center_z":-0.976036,"color_id":3},"1":{"ros_timestamp":"1681734487.140975278","wall_type":"front","a":0.889049,"b":0.446721,"c":0.100159,"d":-1.509908,"shortest_distance":1.368981,"num_points":1768,"plane_center_x":2.312769,"plane_center_y":-1.647099,"plane_center_z":-0.197277,"color_id":0},"2":{"ros_timestamp":"1681734487.140975278","wall_type":"back","a":0.864782,"b":0.499396,"c":0.052488,"d":1.030662,"shortest_distance":1.130204,"num_points":1772,"plane_center_x":1.096854,"plane_center_y":-2.744373,"plane_center_z":-0.436008,"color_id":2}}