{"0":{"ros_timestamp":"1681734468.254750646","wall_type":"floor","a":-0.041523,"b":-0.021171,"c":0.998913,"d":1.025793,"shortest_distance":1.219184,"num_points":1428,"plane_center_x":1.912807,"plane_center_y":-1.560178,"plane_center_z":-0.944003,"color_id":3}}