{"0":{"ros_timestamp":"1681734503.460862613","wall_type":"floor","a":-0.032526,"b":0.009852,"c":0.999422,"d":0.998793,"shortest_distance":1.698294,"num_points":16963,"plane_center_x":1.821063,"plane_center_y":-2.61103,"plane_center_z":-0.901267,"color_id":3},"1":{"ros_timestamp":"1681734503.460862613","wall_type":"front","a":0.889049,"b":0.446721,"c":0.100159,"d":-1.509908,"shortest_distance":0.670916,"num_points":1768,"plane_center_x":2.312769,"plane_center_y":-1.647099,"plane_center_z":-0.197277,"color_id":0},"2":{"ros_timestamp":"1681734503.460862613","wall_type":"back","a":0.864782,"b":0.499396,"c":0.052488,"d":1.030662,"shortest_distance":1.820622,"num_points":1772,"plane_center_x":1.096854,"plane_center_y":-2.744373,"plane_center_z":-0.436008,"color_id":2}}