{"0":{"ros_timestamp":"1681734469.243761493","wall_type":"floor","a":-0.049243,"b":-0.026953,"c":0.998423,"d":1.033794,"shortest_distance":1.229098,"num_points":2228,"plane_center_x":1.853385,"plane_center_y":-1.758554,"plane_center_z":-0.966203,"color_id":3},"1":{"ros_timestamp":"1681734469.243761493","wall_type":"front","a":0.889049,"b":0.446721,"c":0.100159,"d":-1.509908,"shortest_distance":1.314366,"num_points":1768,"plane_center_x":2.312769,"plane_center_y":-1.647099,"plane_center_z":-0.197277,"color_id":0}}