{"0":{"ros_timestamp":"1681734512.830816395","wall_type":"ceiling","a":-0.040998,"b":-0.022041,"c":0.998916,"d":-2.542703,"shortest_distance":2.091887,"num_points":1598,"plane_center_x":1.740784,"plane_center_y":-3.157513,"plane_center_z":2.096024,"color_id":3},"1":{"ros_timestamp":"1681734512.830816395","wall_type":"floor","a":-0.013404,"b":-0.015196,"c":0.999795,"d":0.987982,"shortest_distance":1.429775,"num_points":16623,"plane_center_x":1.875793,"plane_center_y":-2.583757,"plane_center_z":-0.990185,"color_id":3},"2":{"ros_timestamp":"1681734512.830816395","wall_type":"front","a":0.889049,"b":0.446721,"c":0.100159,"d":-1.509908,"shortest_distance":1.656177,"num_points":1768,"plane_center_x":2.312769,"plane_center_y":-1.647099,"plane_center_z":-0.197277,"color_id":0},"3":{"ros_timestamp":"1681734512.830816395","wall_type":"back","a":0.864782,"b":0.499396,"c":0.052488,"d":1.030662,"shortest_distance":0.900763,"num_points":1772,"plane_center_x":1.096854,"plane_center_y":-2.744373,"plane_center_z":-0.436008,"color_id":2}}