{"0":{"ros_timestamp":"1681734527.516211218","wall_type":"ceiling","a":-0.040998,"b":-0.022041,"c":0.998916,"d":-2.542703,"shortest_distance":2.247113,"num_points":1598,"plane_center_x":1.740784,"plane_center_y":-3.157513,"plane_center_z":2.096024,"color_id":3},"1":{"ros_timestamp":"1681734527.516211218","wall_type":"floor","a":-0.036833,"b":-0.048446,"c":0.998146,"d":0.929492,"shortest_distance":1.20155,"num_points":20160,"plane_center_x":1.794866,"plane_center_y":-2.033508,"plane_center_z":-0.950305,"color_id":3},"2":{"ros_timestamp":"1681734527.516211218","wall_type":"front","a":0.889049,"b":0.446721,"c":0.100159,"d":-1.509908,"shortest_distance":1.012436,"num_points":1768,"plane_center_x":2.312769,"plane_center_y":-1.647099,"plane_center_z":-0.197277,"color_id":0},"3":{"ros_timestamp":"1681734527.516211218","wall_type":"back","a":0.864782,"b":0.499396,"c":0.052488,"d":1.030662,"shortest_distance":1.558205,"num_points":1772,"plane_center_x":1.096854,"plane_center_y":-2.744373,"plane_center_z":-0.436008,"color_id":2}}