{"0":{"ros_timestamp":"1681734470.165395645","wall_type":"floor","a":-0.055958,"b":-0.034908,"c":0.997823,"d":1.04199,"shortest_distance":1.279418,"num_points":2943,"plane_center_x":1.830214,"plane_center_y":-1.885955,"plane_center_z":-0.987218,"color_id":3},"1":{"ros_timestamp":"1681734470.165395645","wall_type":"front","a":0.889049,"b":0.446721,"c":0.100159,"d":-1.509908,"shortest_distance":1.149866,"num_points":1768,"plane_center_x":2.312769,"plane_center_y":-1.647099,"plane_center_z":-0.197277,"color_id":0}}