{"0":{"ros_timestamp":"1681734471.458652166","wall_type":"floor","a":-0.06423,"b":-0.044883,"c":0.996925,"d":1.040071,"shortest_distance":1.276491,"num_points":3916,"plane_center_x":1.710485,"plane_center_y":-2.001991,"plane_center_z":-1.005862,"color_id":3},"1":{"ros_timestamp":"1681734471.458652166","wall_type":"front","a":0.889049,"b":0.446721,"c":0.100159,"d":-1.509908,"shortest_distance":1.12233,"num_points":1768,"plane_center_x":2.312769,"plane_center_y":-1.647099,"plane_center_z":-0.197277,"color_id":0}}