{"0":{"ros_timestamp":"1681734472.294544252","wall_type":"floor","a":-0.069066,"b":-0.048571,"c":0.996429,"d":1.036018,"shortest_distance":1.238491,"num_points":4670,"plane_center_x":1.700763,"plane_center_y":-2.037952,"plane_center_z":-1.003497,"color_id":3},"1":{"ros_timestamp":"1681734472.294544252","wall_type":"front","a":0.889049,"b":0.446721,"c":0.100159,"d":-1.509908,"shortest_distance":1.156439,"num_points":1768,"plane_center_x":2.312769,"plane_center_y":-1.647099,"plane_center_z":-0.197277,"color_id":0}}