{"0":{"ros_timestamp":"1681734473.398595380","wall_type":"floor","a":-0.071171,"b":-0.048497,"c":0.996284,"d":1.031751,"shortest_distance":1.232913,"num_points":5506,"plane_center_x":1.684931,"plane_center_y":-2.082605,"plane_center_z":-1.001757,"color_id":3},"1":{"ros_timestamp":"1681734473.398595380","wall_type":"front","a":0.889049,"b":0.446721,"c":0.100159,"d":-1.509908,"shortest_distance":1.137787,"num_points":1768,"plane_center_x":2.312769,"plane_center_y":-1.647099,"plane_center_z":-0.197277,"color_id":0}}