{"0":{"ros_timestamp":"1681734474.199167815","wall_type":"floor","a":-0.071141,"b":-0.046285,"c":0.996392,"d":1.029972,"shortest_distance":1.248917,"num_points":6135,"plane_center_x":1.674791,"plane_center_y":-2.123151,"plane_center_z":-0.999479,"color_id":3},"1":{"ros_timestamp":"1681734474.199167815","wall_type":"front","a":0.889049,"b":0.446721,"c":0.100159,"d":-1.509908,"shortest_distance":1.224818,"num_points":1768,"plane_center_x":2.312769,"plane_center_y":-1.647099,"plane_center_z":-0.197277,"color_id":0}}