{"0":{"ros_timestamp":"1681734475.575106299","wall_type":"floor","a":-0.067946,"b":-0.041372,"c":0.996831,"d":1.029754,"shortest_distance":1.276308,"num_points":6768,"plane_center_x":1.651783,"plane_center_y":-2.182513,"plane_center_z":-0.998953,"color_id":3},"1":{"ros_timestamp":"1681734475.575106299","wall_type":"front","a":0.889049,"b":0.446721,"c":0.100159,"d":-1.509908,"shortest_distance":1.217945,"num_points":1768,"plane_center_x":2.312769,"plane_center_y":-1.647099,"plane_center_z":-0.197277,"color_id":0}}