{"0":{"ros_timestamp":"1681734465.806851152","wall_type":"floor","a":-0.064345,"b":-0.030407,"c":0.997464,"d":1.071562,"shortest_distance":1.240968,"num_points":740,"plane_center_x":2.183038,"plane_center_y":-1.637306,"plane_center_z":-0.983373,"color_id":3}}