{"0":{"ros_timestamp":"1681734484.81836531","wall_type":"floor","a":-0.081111,"b":-0.04598,"c":0.995644,"d":1.02167,"shortest_distance":1.211944,"num_points":10152,"plane_center_x":1.629417,"plane_center_y":-2.313084,"plane_center_z":-1.000219,"color_id":3},"1":{"ros_timestamp":"1681734484.81836531","wall_type":"front","a":0.893195,"b":0.443809,"c":0.072363,"d":-1.491196,"shortest_distance":1.121673,"num_points":1522,"plane_center_x":2.387296,"plane_center_y":-1.444332,"plane_center_z":-0.001607,"color_id":0},"2":{"ros_timestamp":"1681734484.81836531","wall_type":"back","a":0.891337,"b":0.453341,"c":-0.000047,"d":0.981861,"shortest_distance":1.334853,"num_points":1581,"plane_center_x":0.4889,"plane_center_y":-3.127088,"plane_center_z":-0.049941,"color_id":1}}