{"0":{"ros_timestamp":"1681734469.299992383","wall_type":"floor","a":-0.026604,"b":-0.004222,"c":0.999637,"d":1.012827,"shortest_distance":1.217931,"num_points":1812,"plane_center_x":1.928164,"plane_center_y":-1.716451,"plane_center_z":-0.969128,"color_id":3},"1":{"ros_timestamp":"1681734469.299992383","wall_type":"front","a":0.893195,"b":0.443809,"c":0.072363,"d":-1.491196,"shortest_distance":1.302816,"num_points":1522,"plane_center_x":2.387296,"plane_center_y":-1.444332,"plane_center_z":-0.001607,"color_id":0}}