{"0":{"ros_timestamp":"1681734507.104498332","wall_type":"floor","a":-0.023095,"b":0.008744,"c":0.999695,"d":0.992685,"shortest_distance":1.743872,"num_points":17462,"plane_center_x":1.753096,"plane_center_y":-2.633287,"plane_center_z":-0.929456,"color_id":3},"1":{"ros_timestamp":"1681734507.104498332","wall_type":"front","a":0.893195,"b":0.443809,"c":0.072363,"d":-1.491196,"shortest_distance":1.09405,"num_points":1522,"plane_center_x":2.387296,"plane_center_y":-1.444332,"plane_center_z":-0.001607,"color_id":0},"2":{"ros_timestamp":"1681734507.104498332","wall_type":"back","a":0.891337,"b":0.453341,"c":-0.000047,"d":0.981861,"shortest_distance":1.324858,"num_points":1581,"plane_center_x":0.4889,"plane_center_y":-3.127088,"plane_center_z":-0.049941,"color_id":1}}