{"0":{"ros_timestamp":"1681734509.535571243","wall_type":"ceiling","a":-0.042503,"b":-0.02608,"c":0.998756,"d":-2.540562,"shortest_distance":1.858606,"num_points":1711,"plane_center_x":1.652649,"plane_center_y":-3.222155,"plane_center_z":2.529918,"color_id":2},"1":{"ros_timestamp":"1681734509.535571243","wall_type":"floor","a":-0.028157,"b":0.011347,"c":0.999539,"d":1.00355,"shortest_distance":1.693915,"num_points":17371,"plane_center_x":1.742506,"plane_center_y":-2.63074,"plane_center_z":-0.925061,"color_id":3},"2":{"ros_timestamp":"1681734509.535571243","wall_type":"front","a":0.893195,"b":0.443809,"c":0.072363,"d":-1.491196,"shortest_distance":1.241317,"num_points":1522,"plane_center_x":2.387296,"plane_center_y":-1.444332,"plane_center_z":-0.001607,"color_id":0},"3":{"ros_timestamp":"1681734509.535571243","wall_type":"back","a":0.891337,"b":0.453341,"c":-0.000047,"d":0.981861,"shortest_distance":1.182746,"num_points":1581,"plane_center_x":0.4889,"plane_center_y":-3.127088,"plane_center_z":-0.049941,"color_id":1}}