{"0":{"ros_timestamp":"1681734470.439170636","wall_type":"floor","a":-0.050145,"b":-0.02418,"c":0.998449,"d":1.03675,"shortest_distance":1.263003,"num_points":2739,"plane_center_x":1.86155,"plane_center_y":-1.873289,"plane_center_z":-0.990233,"color_id":3},"1":{"ros_timestamp":"1681734470.439170636","wall_type":"front","a":0.893195,"b":0.443809,"c":0.072363,"d":-1.491196,"shortest_distance":1.225374,"num_points":1522,"plane_center_x":2.387296,"plane_center_y":-1.444332,"plane_center_z":-0.001607,"color_id":0}}