{"0":{"ros_timestamp":"1681734471.779660264","wall_type":"floor","a":-0.058524,"b":-0.034734,"c":0.997682,"d":1.040852,"shortest_distance":1.275958,"num_points":3681,"plane_center_x":1.744847,"plane_center_y":-2.033545,"plane_center_z":-1.011715,"color_id":3},"1":{"ros_timestamp":"1681734471.779660264","wall_type":"front","a":0.893195,"b":0.443809,"c":0.072363,"d":-1.491196,"shortest_distance":1.130048,"num_points":1522,"plane_center_x":2.387296,"plane_center_y":-1.444332,"plane_center_z":-0.001607,"color_id":0}}