{"0":{"ros_timestamp":"1681734472.862190550","wall_type":"floor","a":-0.072238,"b":-0.048616,"c":0.996202,"d":1.043681,"shortest_distance":1.252494,"num_points":4696,"plane_center_x":1.634262,"plane_center_y":-2.140275,"plane_center_z":-1.033603,"color_id":3},"1":{"ros_timestamp":"1681734472.862190550","wall_type":"front","a":0.893195,"b":0.443809,"c":0.072363,"d":-1.491196,"shortest_distance":1.15342,"num_points":1522,"plane_center_x":2.387296,"plane_center_y":-1.444332,"plane_center_z":-0.001607,"color_id":0}}