{"0":{"ros_timestamp":"1681734473.829724278","wall_type":"floor","a":-0.074153,"b":-0.05039,"c":0.995973,"d":1.03575,"shortest_distance":1.243155,"num_points":5644,"plane_center_x":1.609096,"plane_center_y":-2.165932,"plane_center_z":-1.029719,"color_id":3},"1":{"ros_timestamp":"1681734473.829724278","wall_type":"front","a":0.893195,"b":0.443809,"c":0.072363,"d":-1.491196,"shortest_distance":1.119023,"num_points":1522,"plane_center_x":2.387296,"plane_center_y":-1.444332,"plane_center_z":-0.001607,"color_id":0},"2":{"ros_timestamp":"1681734473.829724278","wall_type":"back","a":0.891337,"b":0.453341,"c":-0.000047,"d":0.981861,"shortest_distance":1.338561,"num_points":1581,"plane_center_x":0.4889,"plane_center_y":-3.127088,"plane_center_z":-0.049941,"color_id":1}}